tool_generator_000001,moodlerule
tool_generator_000002,moodlerule
tool_generator_000003,moodlerule
tool_generator_000004,moodlerule
tool_generator_000005,moodlerule
tool_generator_000006,moodlerule
tool_generator_000007,moodlerule
tool_generator_000008,moodlerule
tool_generator_000009,moodlerule
tool_generator_000010,moodlerule
tool_generator_000011,moodlerule
tool_generator_000012,moodlerule
tool_generator_000013,moodlerule
tool_generator_000014,moodlerule
tool_generator_000015,moodlerule
tool_generator_000016,moodlerule
tool_generator_000017,moodlerule
tool_generator_000018,moodlerule
tool_generator_000019,moodlerule
tool_generator_000020,moodlerule
tool_generator_000021,moodlerule
tool_generator_000022,moodlerule
tool_generator_000023,moodlerule
tool_generator_000024,moodlerule
tool_generator_000025,moodlerule
tool_generator_000026,moodlerule
tool_generator_000027,moodlerule
tool_generator_000028,moodlerule
tool_generator_000029,moodlerule
tool_generator_000030,moodlerule
tool_generator_000031,moodlerule
tool_generator_000032,moodlerule
tool_generator_000033,moodlerule
tool_generator_000034,moodlerule
tool_generator_000035,moodlerule
tool_generator_000036,moodlerule
tool_generator_000037,moodlerule
tool_generator_000038,moodlerule
tool_generator_000039,moodlerule
tool_generator_000040,moodlerule
tool_generator_000041,moodlerule
tool_generator_000042,moodlerule
tool_generator_000043,moodlerule
tool_generator_000044,moodlerule
tool_generator_000045,moodlerule
tool_generator_000046,moodlerule
tool_generator_000047,moodlerule
tool_generator_000048,moodlerule
tool_generator_000049,moodlerule
tool_generator_000050,moodlerule
tool_generator_000051,moodlerule
tool_generator_000052,moodlerule
tool_generator_000053,moodlerule
tool_generator_000054,moodlerule
tool_generator_000055,moodlerule
tool_generator_000056,moodlerule
tool_generator_000057,moodlerule
tool_generator_000058,moodlerule
tool_generator_000059,moodlerule
tool_generator_000060,moodlerule
tool_generator_000061,moodlerule
tool_generator_000062,moodlerule
tool_generator_000063,moodlerule
tool_generator_000064,moodlerule
tool_generator_000065,moodlerule
tool_generator_000066,moodlerule
tool_generator_000067,moodlerule
tool_generator_000068,moodlerule
tool_generator_000069,moodlerule
tool_generator_000070,moodlerule
tool_generator_000071,moodlerule
tool_generator_000072,moodlerule
tool_generator_000073,moodlerule
tool_generator_000074,moodlerule
tool_generator_000075,moodlerule
tool_generator_000076,moodlerule
tool_generator_000077,moodlerule
tool_generator_000078,moodlerule
tool_generator_000079,moodlerule
tool_generator_000080,moodlerule
tool_generator_000081,moodlerule
tool_generator_000082,moodlerule
tool_generator_000083,moodlerule
tool_generator_000084,moodlerule
tool_generator_000085,moodlerule
tool_generator_000086,moodlerule
tool_generator_000087,moodlerule
tool_generator_000088,moodlerule
tool_generator_000089,moodlerule
tool_generator_000090,moodlerule
tool_generator_000091,moodlerule
tool_generator_000092,moodlerule
tool_generator_000093,moodlerule
tool_generator_000094,moodlerule
tool_generator_000095,moodlerule
tool_generator_000096,moodlerule
tool_generator_000097,moodlerule
tool_generator_000098,moodlerule
tool_generator_000099,moodlerule
tool_generator_000100,moodlerule
tool_generator_000101,moodlerule
tool_generator_000102,moodlerule
tool_generator_000103,moodlerule
tool_generator_000104,moodlerule
tool_generator_000105,moodlerule
tool_generator_000106,moodlerule
tool_generator_000107,moodlerule
tool_generator_000108,moodlerule
tool_generator_000109,moodlerule
tool_generator_000110,moodlerule
tool_generator_000111,moodlerule
tool_generator_000112,moodlerule
tool_generator_000113,moodlerule
tool_generator_000114,moodlerule
tool_generator_000115,moodlerule
tool_generator_000116,moodlerule
tool_generator_000117,moodlerule
tool_generator_000118,moodlerule
tool_generator_000119,moodlerule
tool_generator_000120,moodlerule
tool_generator_000121,moodlerule
tool_generator_000122,moodlerule
tool_generator_000123,moodlerule
tool_generator_000124,moodlerule
tool_generator_000125,moodlerule
tool_generator_000126,moodlerule
tool_generator_000127,moodlerule
tool_generator_000128,moodlerule
tool_generator_000129,moodlerule
tool_generator_000130,moodlerule
tool_generator_000131,moodlerule
tool_generator_000132,moodlerule
tool_generator_000133,moodlerule
tool_generator_000134,moodlerule
tool_generator_000135,moodlerule
tool_generator_000136,moodlerule
tool_generator_000137,moodlerule
tool_generator_000138,moodlerule
tool_generator_000139,moodlerule
tool_generator_000140,moodlerule
tool_generator_000141,moodlerule
tool_generator_000142,moodlerule
tool_generator_000143,moodlerule
tool_generator_000144,moodlerule
tool_generator_000145,moodlerule
tool_generator_000146,moodlerule
tool_generator_000147,moodlerule
tool_generator_000148,moodlerule
tool_generator_000149,moodlerule
tool_generator_000150,moodlerule
tool_generator_000151,moodlerule
tool_generator_000152,moodlerule
tool_generator_000153,moodlerule
tool_generator_000154,moodlerule
tool_generator_000155,moodlerule
tool_generator_000156,moodlerule
tool_generator_000157,moodlerule
tool_generator_000158,moodlerule
tool_generator_000159,moodlerule
tool_generator_000160,moodlerule
tool_generator_000161,moodlerule
tool_generator_000162,moodlerule
tool_generator_000163,moodlerule
tool_generator_000164,moodlerule
tool_generator_000165,moodlerule
tool_generator_000166,moodlerule
tool_generator_000167,moodlerule
tool_generator_000168,moodlerule
tool_generator_000169,moodlerule
tool_generator_000170,moodlerule
tool_generator_000171,moodlerule
tool_generator_000172,moodlerule
tool_generator_000173,moodlerule
tool_generator_000174,moodlerule
tool_generator_000175,moodlerule
tool_generator_000176,moodlerule
tool_generator_000177,moodlerule
tool_generator_000178,moodlerule
tool_generator_000179,moodlerule
tool_generator_000180,moodlerule
tool_generator_000181,moodlerule
tool_generator_000182,moodlerule
tool_generator_000183,moodlerule
tool_generator_000184,moodlerule
tool_generator_000185,moodlerule
tool_generator_000186,moodlerule
tool_generator_000187,moodlerule
tool_generator_000188,moodlerule
tool_generator_000189,moodlerule
tool_generator_000190,moodlerule
tool_generator_000191,moodlerule
tool_generator_000192,moodlerule
tool_generator_000193,moodlerule
tool_generator_000194,moodlerule
tool_generator_000195,moodlerule
tool_generator_000196,moodlerule
tool_generator_000197,moodlerule
tool_generator_000198,moodlerule
tool_generator_000199,moodlerule
tool_generator_000200,moodlerule
tool_generator_000201,moodlerule
tool_generator_000202,moodlerule
tool_generator_000203,moodlerule
tool_generator_000204,moodlerule
tool_generator_000205,moodlerule
tool_generator_000206,moodlerule
tool_generator_000207,moodlerule
tool_generator_000208,moodlerule
tool_generator_000209,moodlerule
tool_generator_000210,moodlerule
tool_generator_000211,moodlerule
tool_generator_000212,moodlerule
tool_generator_000213,moodlerule
tool_generator_000214,moodlerule
tool_generator_000215,moodlerule
tool_generator_000216,moodlerule
tool_generator_000217,moodlerule
tool_generator_000218,moodlerule
tool_generator_000219,moodlerule
tool_generator_000220,moodlerule
tool_generator_000221,moodlerule
tool_generator_000222,moodlerule
tool_generator_000223,moodlerule
tool_generator_000224,moodlerule
tool_generator_000225,moodlerule
tool_generator_000226,moodlerule
tool_generator_000227,moodlerule
tool_generator_000228,moodlerule
tool_generator_000229,moodlerule
tool_generator_000230,moodlerule
tool_generator_000231,moodlerule
tool_generator_000232,moodlerule
tool_generator_000233,moodlerule
tool_generator_000234,moodlerule
tool_generator_000235,moodlerule
tool_generator_000236,moodlerule
tool_generator_000237,moodlerule
tool_generator_000238,moodlerule
tool_generator_000239,moodlerule
tool_generator_000240,moodlerule
tool_generator_000241,moodlerule
tool_generator_000242,moodlerule
tool_generator_000243,moodlerule
tool_generator_000244,moodlerule
tool_generator_000245,moodlerule
tool_generator_000246,moodlerule
tool_generator_000247,moodlerule
tool_generator_000248,moodlerule
tool_generator_000249,moodlerule
tool_generator_000250,moodlerule
tool_generator_000251,moodlerule
tool_generator_000252,moodlerule
tool_generator_000253,moodlerule
tool_generator_000254,moodlerule
tool_generator_000255,moodlerule
tool_generator_000256,moodlerule
tool_generator_000257,moodlerule
tool_generator_000258,moodlerule
tool_generator_000259,moodlerule
tool_generator_000260,moodlerule
tool_generator_000261,moodlerule
tool_generator_000262,moodlerule
tool_generator_000263,moodlerule
tool_generator_000264,moodlerule
tool_generator_000265,moodlerule
tool_generator_000266,moodlerule
tool_generator_000267,moodlerule
tool_generator_000268,moodlerule
tool_generator_000269,moodlerule
tool_generator_000270,moodlerule
tool_generator_000271,moodlerule
tool_generator_000272,moodlerule
tool_generator_000273,moodlerule
tool_generator_000274,moodlerule
tool_generator_000275,moodlerule
tool_generator_000276,moodlerule
tool_generator_000277,moodlerule
tool_generator_000278,moodlerule
tool_generator_000279,moodlerule
tool_generator_000280,moodlerule
tool_generator_000281,moodlerule
tool_generator_000282,moodlerule
tool_generator_000283,moodlerule
tool_generator_000284,moodlerule
tool_generator_000285,moodlerule
tool_generator_000286,moodlerule
tool_generator_000287,moodlerule
tool_generator_000288,moodlerule
tool_generator_000289,moodlerule
tool_generator_000290,moodlerule
tool_generator_000291,moodlerule
tool_generator_000292,moodlerule
tool_generator_000293,moodlerule
tool_generator_000294,moodlerule
tool_generator_000295,moodlerule
tool_generator_000296,moodlerule
tool_generator_000297,moodlerule
tool_generator_000298,moodlerule
tool_generator_000299,moodlerule
tool_generator_000300,moodlerule
tool_generator_000301,moodlerule
tool_generator_000302,moodlerule
tool_generator_000303,moodlerule
tool_generator_000304,moodlerule
tool_generator_000305,moodlerule
tool_generator_000306,moodlerule
tool_generator_000307,moodlerule
tool_generator_000308,moodlerule
tool_generator_000309,moodlerule
tool_generator_000310,moodlerule
tool_generator_000311,moodlerule
tool_generator_000312,moodlerule
tool_generator_000313,moodlerule
tool_generator_000314,moodlerule
tool_generator_000315,moodlerule
tool_generator_000316,moodlerule
tool_generator_000317,moodlerule
tool_generator_000318,moodlerule
tool_generator_000319,moodlerule
tool_generator_000320,moodlerule
tool_generator_000321,moodlerule
tool_generator_000322,moodlerule
tool_generator_000323,moodlerule
tool_generator_000324,moodlerule
tool_generator_000325,moodlerule
tool_generator_000326,moodlerule
tool_generator_000327,moodlerule
tool_generator_000328,moodlerule
tool_generator_000329,moodlerule
tool_generator_000330,moodlerule
tool_generator_000331,moodlerule
tool_generator_000332,moodlerule
tool_generator_000333,moodlerule
tool_generator_000334,moodlerule
tool_generator_000335,moodlerule
tool_generator_000336,moodlerule
tool_generator_000337,moodlerule
tool_generator_000338,moodlerule
tool_generator_000339,moodlerule
tool_generator_000340,moodlerule
tool_generator_000341,moodlerule
tool_generator_000342,moodlerule
tool_generator_000343,moodlerule
tool_generator_000344,moodlerule
tool_generator_000345,moodlerule
tool_generator_000346,moodlerule
tool_generator_000347,moodlerule
tool_generator_000348,moodlerule
tool_generator_000349,moodlerule
tool_generator_000350,moodlerule
tool_generator_000351,moodlerule
tool_generator_000352,moodlerule
tool_generator_000353,moodlerule
tool_generator_000354,moodlerule
tool_generator_000355,moodlerule
tool_generator_000356,moodlerule
tool_generator_000357,moodlerule
tool_generator_000358,moodlerule
tool_generator_000359,moodlerule
tool_generator_000360,moodlerule
tool_generator_000361,moodlerule
tool_generator_000362,moodlerule
tool_generator_000363,moodlerule
tool_generator_000364,moodlerule
tool_generator_000365,moodlerule
tool_generator_000366,moodlerule
tool_generator_000367,moodlerule
tool_generator_000368,moodlerule
tool_generator_000369,moodlerule
tool_generator_000370,moodlerule
tool_generator_000371,moodlerule
tool_generator_000372,moodlerule
tool_generator_000373,moodlerule
tool_generator_000374,moodlerule
tool_generator_000375,moodlerule
tool_generator_000376,moodlerule
tool_generator_000377,moodlerule
tool_generator_000378,moodlerule
tool_generator_000379,moodlerule
tool_generator_000380,moodlerule
tool_generator_000381,moodlerule
tool_generator_000382,moodlerule
tool_generator_000383,moodlerule
tool_generator_000384,moodlerule
tool_generator_000385,moodlerule
tool_generator_000386,moodlerule
tool_generator_000387,moodlerule
tool_generator_000388,moodlerule
tool_generator_000389,moodlerule
tool_generator_000390,moodlerule
tool_generator_000391,moodlerule
tool_generator_000392,moodlerule
tool_generator_000393,moodlerule
tool_generator_000394,moodlerule
tool_generator_000395,moodlerule
tool_generator_000396,moodlerule
tool_generator_000397,moodlerule
tool_generator_000398,moodlerule
tool_generator_000399,moodlerule
tool_generator_000400,moodlerule
tool_generator_000401,moodlerule
tool_generator_000402,moodlerule
tool_generator_000403,moodlerule
tool_generator_000404,moodlerule
tool_generator_000405,moodlerule
tool_generator_000406,moodlerule
tool_generator_000407,moodlerule
tool_generator_000408,moodlerule
tool_generator_000409,moodlerule
tool_generator_000410,moodlerule
tool_generator_000411,moodlerule
tool_generator_000412,moodlerule
tool_generator_000413,moodlerule
tool_generator_000414,moodlerule
tool_generator_000415,moodlerule
tool_generator_000416,moodlerule
tool_generator_000417,moodlerule
tool_generator_000418,moodlerule
tool_generator_000419,moodlerule
tool_generator_000420,moodlerule
tool_generator_000421,moodlerule
tool_generator_000422,moodlerule
tool_generator_000423,moodlerule
tool_generator_000424,moodlerule
tool_generator_000425,moodlerule
tool_generator_000426,moodlerule
tool_generator_000427,moodlerule
tool_generator_000428,moodlerule
tool_generator_000429,moodlerule
tool_generator_000430,moodlerule
tool_generator_000431,moodlerule
tool_generator_000432,moodlerule
tool_generator_000433,moodlerule
tool_generator_000434,moodlerule
tool_generator_000435,moodlerule
tool_generator_000436,moodlerule
tool_generator_000437,moodlerule
tool_generator_000438,moodlerule
tool_generator_000439,moodlerule
tool_generator_000440,moodlerule
tool_generator_000441,moodlerule
tool_generator_000442,moodlerule
tool_generator_000443,moodlerule
tool_generator_000444,moodlerule
tool_generator_000445,moodlerule
tool_generator_000446,moodlerule
tool_generator_000447,moodlerule
tool_generator_000448,moodlerule
tool_generator_000449,moodlerule
tool_generator_000450,moodlerule
tool_generator_000451,moodlerule
tool_generator_000452,moodlerule
tool_generator_000453,moodlerule
tool_generator_000454,moodlerule
tool_generator_000455,moodlerule
tool_generator_000456,moodlerule
tool_generator_000457,moodlerule
tool_generator_000458,moodlerule
tool_generator_000459,moodlerule
tool_generator_000460,moodlerule
tool_generator_000461,moodlerule
tool_generator_000462,moodlerule
tool_generator_000463,moodlerule
tool_generator_000464,moodlerule
tool_generator_000465,moodlerule
tool_generator_000466,moodlerule
tool_generator_000467,moodlerule
tool_generator_000468,moodlerule
tool_generator_000469,moodlerule
tool_generator_000470,moodlerule
tool_generator_000471,moodlerule
tool_generator_000472,moodlerule
tool_generator_000473,moodlerule
tool_generator_000474,moodlerule
tool_generator_000475,moodlerule
tool_generator_000476,moodlerule
tool_generator_000477,moodlerule
tool_generator_000478,moodlerule
tool_generator_000479,moodlerule
tool_generator_000480,moodlerule
tool_generator_000481,moodlerule
tool_generator_000482,moodlerule
tool_generator_000483,moodlerule
tool_generator_000484,moodlerule
tool_generator_000485,moodlerule
tool_generator_000486,moodlerule
tool_generator_000487,moodlerule
tool_generator_000488,moodlerule
tool_generator_000489,moodlerule
tool_generator_000490,moodlerule
tool_generator_000491,moodlerule
tool_generator_000492,moodlerule
tool_generator_000493,moodlerule
tool_generator_000494,moodlerule
tool_generator_000495,moodlerule
tool_generator_000496,moodlerule
tool_generator_000497,moodlerule
tool_generator_000498,moodlerule
tool_generator_000499,moodlerule
tool_generator_000500,moodlerule
tool_generator_000501,moodlerule
tool_generator_000502,moodlerule
tool_generator_000503,moodlerule
tool_generator_000504,moodlerule
tool_generator_000505,moodlerule
tool_generator_000506,moodlerule
tool_generator_000507,moodlerule
tool_generator_000508,moodlerule
tool_generator_000509,moodlerule
tool_generator_000510,moodlerule
tool_generator_000511,moodlerule
tool_generator_000512,moodlerule
tool_generator_000513,moodlerule
tool_generator_000514,moodlerule
tool_generator_000515,moodlerule
tool_generator_000516,moodlerule
tool_generator_000517,moodlerule
tool_generator_000518,moodlerule
tool_generator_000519,moodlerule
tool_generator_000520,moodlerule
tool_generator_000521,moodlerule
tool_generator_000522,moodlerule
tool_generator_000523,moodlerule
tool_generator_000524,moodlerule
tool_generator_000525,moodlerule
tool_generator_000526,moodlerule
tool_generator_000527,moodlerule
tool_generator_000528,moodlerule
tool_generator_000529,moodlerule
tool_generator_000530,moodlerule
tool_generator_000531,moodlerule
tool_generator_000532,moodlerule
tool_generator_000533,moodlerule
tool_generator_000534,moodlerule
tool_generator_000535,moodlerule
tool_generator_000536,moodlerule
tool_generator_000537,moodlerule
tool_generator_000538,moodlerule
tool_generator_000539,moodlerule
tool_generator_000540,moodlerule
tool_generator_000541,moodlerule
tool_generator_000542,moodlerule
tool_generator_000543,moodlerule
tool_generator_000544,moodlerule
tool_generator_000545,moodlerule
tool_generator_000546,moodlerule
tool_generator_000547,moodlerule
tool_generator_000548,moodlerule
tool_generator_000549,moodlerule
tool_generator_000550,moodlerule
tool_generator_000551,moodlerule
tool_generator_000552,moodlerule
tool_generator_000553,moodlerule
tool_generator_000554,moodlerule
tool_generator_000555,moodlerule
tool_generator_000556,moodlerule
tool_generator_000557,moodlerule
tool_generator_000558,moodlerule
tool_generator_000559,moodlerule
tool_generator_000560,moodlerule
tool_generator_000561,moodlerule
tool_generator_000562,moodlerule
tool_generator_000563,moodlerule
tool_generator_000564,moodlerule
tool_generator_000565,moodlerule
tool_generator_000566,moodlerule
tool_generator_000567,moodlerule
tool_generator_000568,moodlerule
tool_generator_000569,moodlerule
tool_generator_000570,moodlerule
tool_generator_000571,moodlerule
tool_generator_000572,moodlerule
tool_generator_000573,moodlerule
tool_generator_000574,moodlerule
tool_generator_000575,moodlerule
tool_generator_000576,moodlerule
tool_generator_000577,moodlerule
tool_generator_000578,moodlerule
tool_generator_000579,moodlerule
tool_generator_000580,moodlerule
tool_generator_000581,moodlerule
tool_generator_000582,moodlerule
tool_generator_000583,moodlerule
tool_generator_000584,moodlerule
tool_generator_000585,moodlerule
tool_generator_000586,moodlerule
tool_generator_000587,moodlerule
tool_generator_000588,moodlerule
tool_generator_000589,moodlerule
tool_generator_000590,moodlerule
tool_generator_000591,moodlerule
tool_generator_000592,moodlerule
tool_generator_000593,moodlerule
tool_generator_000594,moodlerule
tool_generator_000595,moodlerule
tool_generator_000596,moodlerule
tool_generator_000597,moodlerule
tool_generator_000598,moodlerule
tool_generator_000599,moodlerule
tool_generator_000600,moodlerule
tool_generator_000601,moodlerule
tool_generator_000602,moodlerule
tool_generator_000603,moodlerule
tool_generator_000604,moodlerule
tool_generator_000605,moodlerule
tool_generator_000606,moodlerule
tool_generator_000607,moodlerule
tool_generator_000608,moodlerule
tool_generator_000609,moodlerule
tool_generator_000610,moodlerule
tool_generator_000611,moodlerule
tool_generator_000612,moodlerule
tool_generator_000613,moodlerule
tool_generator_000614,moodlerule
tool_generator_000615,moodlerule
tool_generator_000616,moodlerule
tool_generator_000617,moodlerule
tool_generator_000618,moodlerule
tool_generator_000619,moodlerule
tool_generator_000620,moodlerule
tool_generator_000621,moodlerule
tool_generator_000622,moodlerule
tool_generator_000623,moodlerule
tool_generator_000624,moodlerule
tool_generator_000625,moodlerule
tool_generator_000626,moodlerule
tool_generator_000627,moodlerule
tool_generator_000628,moodlerule
tool_generator_000629,moodlerule
tool_generator_000630,moodlerule
tool_generator_000631,moodlerule
tool_generator_000632,moodlerule
tool_generator_000633,moodlerule
tool_generator_000634,moodlerule
tool_generator_000635,moodlerule
tool_generator_000636,moodlerule
tool_generator_000637,moodlerule
tool_generator_000638,moodlerule
tool_generator_000639,moodlerule
tool_generator_000640,moodlerule
tool_generator_000641,moodlerule
tool_generator_000642,moodlerule
tool_generator_000643,moodlerule
tool_generator_000644,moodlerule
tool_generator_000645,moodlerule
tool_generator_000646,moodlerule
tool_generator_000647,moodlerule
tool_generator_000648,moodlerule
tool_generator_000649,moodlerule
tool_generator_000650,moodlerule
tool_generator_000651,moodlerule
tool_generator_000652,moodlerule
tool_generator_000653,moodlerule
tool_generator_000654,moodlerule
tool_generator_000655,moodlerule
tool_generator_000656,moodlerule
tool_generator_000657,moodlerule
tool_generator_000658,moodlerule
tool_generator_000659,moodlerule
tool_generator_000660,moodlerule
tool_generator_000661,moodlerule
tool_generator_000662,moodlerule
tool_generator_000663,moodlerule
tool_generator_000664,moodlerule
tool_generator_000665,moodlerule
tool_generator_000666,moodlerule
tool_generator_000667,moodlerule
tool_generator_000668,moodlerule
tool_generator_000669,moodlerule
tool_generator_000670,moodlerule
tool_generator_000671,moodlerule
tool_generator_000672,moodlerule
tool_generator_000673,moodlerule
tool_generator_000674,moodlerule
tool_generator_000675,moodlerule
tool_generator_000676,moodlerule
tool_generator_000677,moodlerule
tool_generator_000678,moodlerule
tool_generator_000679,moodlerule
tool_generator_000680,moodlerule
tool_generator_000681,moodlerule
tool_generator_000682,moodlerule
tool_generator_000683,moodlerule
tool_generator_000684,moodlerule
tool_generator_000685,moodlerule
tool_generator_000686,moodlerule
tool_generator_000687,moodlerule
tool_generator_000688,moodlerule
tool_generator_000689,moodlerule
tool_generator_000690,moodlerule
tool_generator_000691,moodlerule
tool_generator_000692,moodlerule
tool_generator_000693,moodlerule
tool_generator_000694,moodlerule
tool_generator_000695,moodlerule
tool_generator_000696,moodlerule
tool_generator_000697,moodlerule
tool_generator_000698,moodlerule
tool_generator_000699,moodlerule
tool_generator_000700,moodlerule
tool_generator_000701,moodlerule
tool_generator_000702,moodlerule
tool_generator_000703,moodlerule
tool_generator_000704,moodlerule
tool_generator_000705,moodlerule
tool_generator_000706,moodlerule
tool_generator_000707,moodlerule
tool_generator_000708,moodlerule
tool_generator_000709,moodlerule
tool_generator_000710,moodlerule
tool_generator_000711,moodlerule
tool_generator_000712,moodlerule
tool_generator_000713,moodlerule
tool_generator_000714,moodlerule
tool_generator_000715,moodlerule
tool_generator_000716,moodlerule
tool_generator_000717,moodlerule
tool_generator_000718,moodlerule
tool_generator_000719,moodlerule
tool_generator_000720,moodlerule
tool_generator_000721,moodlerule
tool_generator_000722,moodlerule
tool_generator_000723,moodlerule
tool_generator_000724,moodlerule
tool_generator_000725,moodlerule
tool_generator_000726,moodlerule
tool_generator_000727,moodlerule
tool_generator_000728,moodlerule
tool_generator_000729,moodlerule
tool_generator_000730,moodlerule
tool_generator_000731,moodlerule
tool_generator_000732,moodlerule
tool_generator_000733,moodlerule
tool_generator_000734,moodlerule
tool_generator_000735,moodlerule
tool_generator_000736,moodlerule
tool_generator_000737,moodlerule
tool_generator_000738,moodlerule
tool_generator_000739,moodlerule
tool_generator_000740,moodlerule
tool_generator_000741,moodlerule
tool_generator_000742,moodlerule
tool_generator_000743,moodlerule
tool_generator_000744,moodlerule
tool_generator_000745,moodlerule
tool_generator_000746,moodlerule
tool_generator_000747,moodlerule
tool_generator_000748,moodlerule
tool_generator_000749,moodlerule
tool_generator_000750,moodlerule
tool_generator_000751,moodlerule
tool_generator_000752,moodlerule
tool_generator_000753,moodlerule
tool_generator_000754,moodlerule
tool_generator_000755,moodlerule
tool_generator_000756,moodlerule
tool_generator_000757,moodlerule
tool_generator_000758,moodlerule
tool_generator_000759,moodlerule
tool_generator_000760,moodlerule
tool_generator_000761,moodlerule
tool_generator_000762,moodlerule
tool_generator_000763,moodlerule
tool_generator_000764,moodlerule
tool_generator_000765,moodlerule
tool_generator_000766,moodlerule
tool_generator_000767,moodlerule
tool_generator_000768,moodlerule
tool_generator_000769,moodlerule
tool_generator_000770,moodlerule
tool_generator_000771,moodlerule
tool_generator_000772,moodlerule
tool_generator_000773,moodlerule
tool_generator_000774,moodlerule
tool_generator_000775,moodlerule
tool_generator_000776,moodlerule
tool_generator_000777,moodlerule
tool_generator_000778,moodlerule
tool_generator_000779,moodlerule
tool_generator_000780,moodlerule
tool_generator_000781,moodlerule
tool_generator_000782,moodlerule
tool_generator_000783,moodlerule
tool_generator_000784,moodlerule
tool_generator_000785,moodlerule
tool_generator_000786,moodlerule
tool_generator_000787,moodlerule
tool_generator_000788,moodlerule
tool_generator_000789,moodlerule
tool_generator_000790,moodlerule
tool_generator_000791,moodlerule
tool_generator_000792,moodlerule
tool_generator_000793,moodlerule
tool_generator_000794,moodlerule
tool_generator_000795,moodlerule
tool_generator_000796,moodlerule
tool_generator_000797,moodlerule
tool_generator_000798,moodlerule
tool_generator_000799,moodlerule
tool_generator_000800,moodlerule
tool_generator_000801,moodlerule
tool_generator_000802,moodlerule
tool_generator_000803,moodlerule
tool_generator_000804,moodlerule
tool_generator_000805,moodlerule
tool_generator_000806,moodlerule
tool_generator_000807,moodlerule
tool_generator_000808,moodlerule
tool_generator_000809,moodlerule
tool_generator_000810,moodlerule
tool_generator_000811,moodlerule
tool_generator_000812,moodlerule
tool_generator_000813,moodlerule
tool_generator_000814,moodlerule
tool_generator_000815,moodlerule
tool_generator_000816,moodlerule
tool_generator_000817,moodlerule
tool_generator_000818,moodlerule
tool_generator_000819,moodlerule
tool_generator_000820,moodlerule
tool_generator_000821,moodlerule
tool_generator_000822,moodlerule
tool_generator_000823,moodlerule
tool_generator_000824,moodlerule
tool_generator_000825,moodlerule
tool_generator_000826,moodlerule
tool_generator_000827,moodlerule
tool_generator_000828,moodlerule
tool_generator_000829,moodlerule
tool_generator_000830,moodlerule
tool_generator_000831,moodlerule
tool_generator_000832,moodlerule
tool_generator_000833,moodlerule
tool_generator_000834,moodlerule
tool_generator_000835,moodlerule
tool_generator_000836,moodlerule
tool_generator_000837,moodlerule
tool_generator_000838,moodlerule
tool_generator_000839,moodlerule
tool_generator_000840,moodlerule
tool_generator_000841,moodlerule
tool_generator_000842,moodlerule
tool_generator_000843,moodlerule
tool_generator_000844,moodlerule
tool_generator_000845,moodlerule
tool_generator_000846,moodlerule
tool_generator_000847,moodlerule
tool_generator_000848,moodlerule
tool_generator_000849,moodlerule
tool_generator_000850,moodlerule
tool_generator_000851,moodlerule
tool_generator_000852,moodlerule
tool_generator_000853,moodlerule
tool_generator_000854,moodlerule
tool_generator_000855,moodlerule
tool_generator_000856,moodlerule
tool_generator_000857,moodlerule
tool_generator_000858,moodlerule
tool_generator_000859,moodlerule
tool_generator_000860,moodlerule
tool_generator_000861,moodlerule
tool_generator_000862,moodlerule
tool_generator_000863,moodlerule
tool_generator_000864,moodlerule
tool_generator_000865,moodlerule
tool_generator_000866,moodlerule
tool_generator_000867,moodlerule
tool_generator_000868,moodlerule
tool_generator_000869,moodlerule
tool_generator_000870,moodlerule
tool_generator_000871,moodlerule
tool_generator_000872,moodlerule
tool_generator_000873,moodlerule
tool_generator_000874,moodlerule
tool_generator_000875,moodlerule
tool_generator_000876,moodlerule
tool_generator_000877,moodlerule
tool_generator_000878,moodlerule
tool_generator_000879,moodlerule
tool_generator_000880,moodlerule
tool_generator_000881,moodlerule
tool_generator_000882,moodlerule
tool_generator_000883,moodlerule
tool_generator_000884,moodlerule
tool_generator_000885,moodlerule
tool_generator_000886,moodlerule
tool_generator_000887,moodlerule
tool_generator_000888,moodlerule
tool_generator_000889,moodlerule
tool_generator_000890,moodlerule
tool_generator_000891,moodlerule
tool_generator_000892,moodlerule
tool_generator_000893,moodlerule
tool_generator_000894,moodlerule
tool_generator_000895,moodlerule
tool_generator_000896,moodlerule
tool_generator_000897,moodlerule
tool_generator_000898,moodlerule
tool_generator_000899,moodlerule
tool_generator_000900,moodlerule
tool_generator_000901,moodlerule
tool_generator_000902,moodlerule
tool_generator_000903,moodlerule
tool_generator_000904,moodlerule
tool_generator_000905,moodlerule
tool_generator_000906,moodlerule
tool_generator_000907,moodlerule
tool_generator_000908,moodlerule
tool_generator_000909,moodlerule
tool_generator_000910,moodlerule
tool_generator_000911,moodlerule
tool_generator_000912,moodlerule
tool_generator_000913,moodlerule
tool_generator_000914,moodlerule
tool_generator_000915,moodlerule
tool_generator_000916,moodlerule
tool_generator_000917,moodlerule
tool_generator_000918,moodlerule
tool_generator_000919,moodlerule
tool_generator_000920,moodlerule
tool_generator_000921,moodlerule
tool_generator_000922,moodlerule
tool_generator_000923,moodlerule
tool_generator_000924,moodlerule
tool_generator_000925,moodlerule
tool_generator_000926,moodlerule
tool_generator_000927,moodlerule
tool_generator_000928,moodlerule
tool_generator_000929,moodlerule
tool_generator_000930,moodlerule
tool_generator_000931,moodlerule
tool_generator_000932,moodlerule
tool_generator_000933,moodlerule
tool_generator_000934,moodlerule
tool_generator_000935,moodlerule
tool_generator_000936,moodlerule
tool_generator_000937,moodlerule
tool_generator_000938,moodlerule
tool_generator_000939,moodlerule
tool_generator_000940,moodlerule
tool_generator_000941,moodlerule
tool_generator_000942,moodlerule
tool_generator_000943,moodlerule
tool_generator_000944,moodlerule
tool_generator_000945,moodlerule
tool_generator_000946,moodlerule
tool_generator_000947,moodlerule
tool_generator_000948,moodlerule
tool_generator_000949,moodlerule
tool_generator_000950,moodlerule
tool_generator_000951,moodlerule
tool_generator_000952,moodlerule
tool_generator_000953,moodlerule
tool_generator_000954,moodlerule
tool_generator_000955,moodlerule
tool_generator_000956,moodlerule
tool_generator_000957,moodlerule
tool_generator_000958,moodlerule
tool_generator_000959,moodlerule
tool_generator_000960,moodlerule
tool_generator_000961,moodlerule
tool_generator_000962,moodlerule
tool_generator_000963,moodlerule
tool_generator_000964,moodlerule
tool_generator_000965,moodlerule
tool_generator_000966,moodlerule
tool_generator_000967,moodlerule
tool_generator_000968,moodlerule
tool_generator_000969,moodlerule
tool_generator_000970,moodlerule
tool_generator_000971,moodlerule
tool_generator_000972,moodlerule
tool_generator_000973,moodlerule
tool_generator_000974,moodlerule
tool_generator_000975,moodlerule
tool_generator_000976,moodlerule
tool_generator_000977,moodlerule
tool_generator_000978,moodlerule
tool_generator_000979,moodlerule
tool_generator_000980,moodlerule
tool_generator_000981,moodlerule
tool_generator_000982,moodlerule
tool_generator_000983,moodlerule
tool_generator_000984,moodlerule
tool_generator_000985,moodlerule
tool_generator_000986,moodlerule
tool_generator_000987,moodlerule
tool_generator_000988,moodlerule
tool_generator_000989,moodlerule
tool_generator_000990,moodlerule
tool_generator_000991,moodlerule
tool_generator_000992,moodlerule
tool_generator_000993,moodlerule
tool_generator_000994,moodlerule
tool_generator_000995,moodlerule
tool_generator_000996,moodlerule
tool_generator_000997,moodlerule
tool_generator_000998,moodlerule
tool_generator_000999,moodlerule
tool_generator_001000,moodlerule
tool_generator_001001,moodlerule
tool_generator_001002,moodlerule
tool_generator_001003,moodlerule
tool_generator_001004,moodlerule
tool_generator_001005,moodlerule
tool_generator_001006,moodlerule
tool_generator_001007,moodlerule
tool_generator_001008,moodlerule
tool_generator_001009,moodlerule
tool_generator_001010,moodlerule
tool_generator_001011,moodlerule
tool_generator_001012,moodlerule
tool_generator_001013,moodlerule
tool_generator_001014,moodlerule
tool_generator_001015,moodlerule
tool_generator_001016,moodlerule
tool_generator_001017,moodlerule
tool_generator_001018,moodlerule
tool_generator_001019,moodlerule
tool_generator_001020,moodlerule
tool_generator_001021,moodlerule
tool_generator_001022,moodlerule
tool_generator_001023,moodlerule
tool_generator_001024,moodlerule
tool_generator_001025,moodlerule
tool_generator_001026,moodlerule
tool_generator_001027,moodlerule
tool_generator_001028,moodlerule
tool_generator_001029,moodlerule
tool_generator_001030,moodlerule
tool_generator_001031,moodlerule
tool_generator_001032,moodlerule
tool_generator_001033,moodlerule
tool_generator_001034,moodlerule
tool_generator_001035,moodlerule
tool_generator_001036,moodlerule
tool_generator_001037,moodlerule
tool_generator_001038,moodlerule
tool_generator_001039,moodlerule
tool_generator_001040,moodlerule
tool_generator_001041,moodlerule
tool_generator_001042,moodlerule
tool_generator_001043,moodlerule
tool_generator_001044,moodlerule
tool_generator_001045,moodlerule
tool_generator_001046,moodlerule
tool_generator_001047,moodlerule
tool_generator_001048,moodlerule
tool_generator_001049,moodlerule
tool_generator_001050,moodlerule
tool_generator_001051,moodlerule
tool_generator_001052,moodlerule
tool_generator_001053,moodlerule
tool_generator_001054,moodlerule
tool_generator_001055,moodlerule
tool_generator_001056,moodlerule
tool_generator_001057,moodlerule
tool_generator_001058,moodlerule
tool_generator_001059,moodlerule
tool_generator_001060,moodlerule
tool_generator_001061,moodlerule
tool_generator_001062,moodlerule
tool_generator_001063,moodlerule
tool_generator_001064,moodlerule
tool_generator_001065,moodlerule
tool_generator_001066,moodlerule
tool_generator_001067,moodlerule
tool_generator_001068,moodlerule
tool_generator_001069,moodlerule
tool_generator_001070,moodlerule
tool_generator_001071,moodlerule
tool_generator_001072,moodlerule
tool_generator_001073,moodlerule
tool_generator_001074,moodlerule
tool_generator_001075,moodlerule
tool_generator_001076,moodlerule
tool_generator_001077,moodlerule
tool_generator_001078,moodlerule
tool_generator_001079,moodlerule
tool_generator_001080,moodlerule
tool_generator_001081,moodlerule
tool_generator_001082,moodlerule
tool_generator_001083,moodlerule
tool_generator_001084,moodlerule
tool_generator_001085,moodlerule
tool_generator_001086,moodlerule
tool_generator_001087,moodlerule
tool_generator_001088,moodlerule
tool_generator_001089,moodlerule
tool_generator_001090,moodlerule
tool_generator_001091,moodlerule
tool_generator_001092,moodlerule
tool_generator_001093,moodlerule
tool_generator_001094,moodlerule
tool_generator_001095,moodlerule
tool_generator_001096,moodlerule
tool_generator_001097,moodlerule
tool_generator_001098,moodlerule
tool_generator_001099,moodlerule
tool_generator_001100,moodlerule
tool_generator_001101,moodlerule
tool_generator_001102,moodlerule
tool_generator_001103,moodlerule
tool_generator_001104,moodlerule
tool_generator_001105,moodlerule
tool_generator_001106,moodlerule
tool_generator_001107,moodlerule
tool_generator_001108,moodlerule
tool_generator_001109,moodlerule
tool_generator_001110,moodlerule
tool_generator_001111,moodlerule
tool_generator_001112,moodlerule
tool_generator_001113,moodlerule
tool_generator_001114,moodlerule
tool_generator_001115,moodlerule
tool_generator_001116,moodlerule
tool_generator_001117,moodlerule
tool_generator_001118,moodlerule
tool_generator_001119,moodlerule
tool_generator_001120,moodlerule
tool_generator_001121,moodlerule
tool_generator_001122,moodlerule
tool_generator_001123,moodlerule
tool_generator_001124,moodlerule
tool_generator_001125,moodlerule
tool_generator_001126,moodlerule
tool_generator_001127,moodlerule
tool_generator_001128,moodlerule
tool_generator_001129,moodlerule
tool_generator_001130,moodlerule
tool_generator_001131,moodlerule
tool_generator_001132,moodlerule
tool_generator_001133,moodlerule
tool_generator_001134,moodlerule
tool_generator_001135,moodlerule
tool_generator_001136,moodlerule
tool_generator_001137,moodlerule
tool_generator_001138,moodlerule
tool_generator_001139,moodlerule
tool_generator_001140,moodlerule
tool_generator_001141,moodlerule
tool_generator_001142,moodlerule
tool_generator_001143,moodlerule
tool_generator_001144,moodlerule
tool_generator_001145,moodlerule
tool_generator_001146,moodlerule
tool_generator_001147,moodlerule
tool_generator_001148,moodlerule
tool_generator_001149,moodlerule
tool_generator_001150,moodlerule
tool_generator_001151,moodlerule
tool_generator_001152,moodlerule
tool_generator_001153,moodlerule
tool_generator_001154,moodlerule
tool_generator_001155,moodlerule
tool_generator_001156,moodlerule
tool_generator_001157,moodlerule
tool_generator_001158,moodlerule
tool_generator_001159,moodlerule
tool_generator_001160,moodlerule
tool_generator_001161,moodlerule
tool_generator_001162,moodlerule
tool_generator_001163,moodlerule
tool_generator_001164,moodlerule
tool_generator_001165,moodlerule
tool_generator_001166,moodlerule
tool_generator_001167,moodlerule
tool_generator_001168,moodlerule
tool_generator_001169,moodlerule
tool_generator_001170,moodlerule
tool_generator_001171,moodlerule
tool_generator_001172,moodlerule
tool_generator_001173,moodlerule
tool_generator_001174,moodlerule
tool_generator_001175,moodlerule
tool_generator_001176,moodlerule
tool_generator_001177,moodlerule
tool_generator_001178,moodlerule
tool_generator_001179,moodlerule
tool_generator_001180,moodlerule
tool_generator_001181,moodlerule
tool_generator_001182,moodlerule
tool_generator_001183,moodlerule
tool_generator_001184,moodlerule
tool_generator_001185,moodlerule
tool_generator_001186,moodlerule
tool_generator_001187,moodlerule
tool_generator_001188,moodlerule
tool_generator_001189,moodlerule
tool_generator_001190,moodlerule
tool_generator_001191,moodlerule
tool_generator_001192,moodlerule
tool_generator_001193,moodlerule
tool_generator_001194,moodlerule
tool_generator_001195,moodlerule
tool_generator_001196,moodlerule
tool_generator_001197,moodlerule
tool_generator_001198,moodlerule
tool_generator_001199,moodlerule
tool_generator_001200,moodlerule
tool_generator_001201,moodlerule
tool_generator_001202,moodlerule
tool_generator_001203,moodlerule
tool_generator_001204,moodlerule
tool_generator_001205,moodlerule
tool_generator_001206,moodlerule
tool_generator_001207,moodlerule
tool_generator_001208,moodlerule
tool_generator_001209,moodlerule
tool_generator_001210,moodlerule
tool_generator_001211,moodlerule
tool_generator_001212,moodlerule
tool_generator_001213,moodlerule
tool_generator_001214,moodlerule
tool_generator_001215,moodlerule
tool_generator_001216,moodlerule
tool_generator_001217,moodlerule
tool_generator_001218,moodlerule
tool_generator_001219,moodlerule
tool_generator_001220,moodlerule
tool_generator_001221,moodlerule
tool_generator_001222,moodlerule
tool_generator_001223,moodlerule
tool_generator_001224,moodlerule
tool_generator_001225,moodlerule
tool_generator_001226,moodlerule
tool_generator_001227,moodlerule
tool_generator_001228,moodlerule
tool_generator_001229,moodlerule
tool_generator_001230,moodlerule
tool_generator_001231,moodlerule
tool_generator_001232,moodlerule
tool_generator_001233,moodlerule
tool_generator_001234,moodlerule
tool_generator_001235,moodlerule
tool_generator_001236,moodlerule
tool_generator_001237,moodlerule
tool_generator_001238,moodlerule
tool_generator_001239,moodlerule
tool_generator_001240,moodlerule
tool_generator_001241,moodlerule
tool_generator_001242,moodlerule
tool_generator_001243,moodlerule
tool_generator_001244,moodlerule
tool_generator_001245,moodlerule
tool_generator_001246,moodlerule
tool_generator_001247,moodlerule
tool_generator_001248,moodlerule
tool_generator_001249,moodlerule
tool_generator_001250,moodlerule
tool_generator_001251,moodlerule
tool_generator_001252,moodlerule
tool_generator_001253,moodlerule
tool_generator_001254,moodlerule
tool_generator_001255,moodlerule
tool_generator_001256,moodlerule
tool_generator_001257,moodlerule
tool_generator_001258,moodlerule
tool_generator_001259,moodlerule
tool_generator_001260,moodlerule
tool_generator_001261,moodlerule
tool_generator_001262,moodlerule
tool_generator_001263,moodlerule
tool_generator_001264,moodlerule
tool_generator_001265,moodlerule
tool_generator_001266,moodlerule
tool_generator_001267,moodlerule
tool_generator_001268,moodlerule
tool_generator_001269,moodlerule
tool_generator_001270,moodlerule
tool_generator_001271,moodlerule
tool_generator_001272,moodlerule
tool_generator_001273,moodlerule
tool_generator_001274,moodlerule
tool_generator_001275,moodlerule
tool_generator_001276,moodlerule
tool_generator_001277,moodlerule
tool_generator_001278,moodlerule
tool_generator_001279,moodlerule
tool_generator_001280,moodlerule
tool_generator_001281,moodlerule
tool_generator_001282,moodlerule
tool_generator_001283,moodlerule
tool_generator_001284,moodlerule
tool_generator_001285,moodlerule
tool_generator_001286,moodlerule
tool_generator_001287,moodlerule
tool_generator_001288,moodlerule
tool_generator_001289,moodlerule
tool_generator_001290,moodlerule
tool_generator_001291,moodlerule
tool_generator_001292,moodlerule
tool_generator_001293,moodlerule
tool_generator_001294,moodlerule
tool_generator_001295,moodlerule
tool_generator_001296,moodlerule
tool_generator_001297,moodlerule
tool_generator_001298,moodlerule
tool_generator_001299,moodlerule
tool_generator_001300,moodlerule
tool_generator_001301,moodlerule
tool_generator_001302,moodlerule
tool_generator_001303,moodlerule
tool_generator_001304,moodlerule
tool_generator_001305,moodlerule
tool_generator_001306,moodlerule
tool_generator_001307,moodlerule
tool_generator_001308,moodlerule
tool_generator_001309,moodlerule
tool_generator_001310,moodlerule
tool_generator_001311,moodlerule
tool_generator_001312,moodlerule
tool_generator_001313,moodlerule
tool_generator_001314,moodlerule
tool_generator_001315,moodlerule
tool_generator_001316,moodlerule
tool_generator_001317,moodlerule
tool_generator_001318,moodlerule
tool_generator_001319,moodlerule
tool_generator_001320,moodlerule
tool_generator_001321,moodlerule
tool_generator_001322,moodlerule
tool_generator_001323,moodlerule
tool_generator_001324,moodlerule
tool_generator_001325,moodlerule
tool_generator_001326,moodlerule
tool_generator_001327,moodlerule
tool_generator_001328,moodlerule
tool_generator_001329,moodlerule
tool_generator_001330,moodlerule
tool_generator_001331,moodlerule
tool_generator_001332,moodlerule
tool_generator_001333,moodlerule
tool_generator_001334,moodlerule
tool_generator_001335,moodlerule
tool_generator_001336,moodlerule
tool_generator_001337,moodlerule
tool_generator_001338,moodlerule
tool_generator_001339,moodlerule
tool_generator_001340,moodlerule
tool_generator_001341,moodlerule
tool_generator_001342,moodlerule
tool_generator_001343,moodlerule
tool_generator_001344,moodlerule
tool_generator_001345,moodlerule
tool_generator_001346,moodlerule
tool_generator_001347,moodlerule
tool_generator_001348,moodlerule
tool_generator_001349,moodlerule
tool_generator_001350,moodlerule
tool_generator_001351,moodlerule
tool_generator_001352,moodlerule
tool_generator_001353,moodlerule
tool_generator_001354,moodlerule
tool_generator_001355,moodlerule
tool_generator_001356,moodlerule
tool_generator_001357,moodlerule
tool_generator_001358,moodlerule
tool_generator_001359,moodlerule
tool_generator_001360,moodlerule
tool_generator_001361,moodlerule
tool_generator_001362,moodlerule
tool_generator_001363,moodlerule
tool_generator_001364,moodlerule
tool_generator_001365,moodlerule
tool_generator_001366,moodlerule
tool_generator_001367,moodlerule
tool_generator_001368,moodlerule
tool_generator_001369,moodlerule
tool_generator_001370,moodlerule
tool_generator_001371,moodlerule
tool_generator_001372,moodlerule
tool_generator_001373,moodlerule
tool_generator_001374,moodlerule
tool_generator_001375,moodlerule
tool_generator_001376,moodlerule
tool_generator_001377,moodlerule
tool_generator_001378,moodlerule
tool_generator_001379,moodlerule
tool_generator_001380,moodlerule
tool_generator_001381,moodlerule
tool_generator_001382,moodlerule
tool_generator_001383,moodlerule
tool_generator_001384,moodlerule
tool_generator_001385,moodlerule
tool_generator_001386,moodlerule
tool_generator_001387,moodlerule
tool_generator_001388,moodlerule
tool_generator_001389,moodlerule
tool_generator_001390,moodlerule
tool_generator_001391,moodlerule
tool_generator_001392,moodlerule
tool_generator_001393,moodlerule
tool_generator_001394,moodlerule
tool_generator_001395,moodlerule
tool_generator_001396,moodlerule
tool_generator_001397,moodlerule
tool_generator_001398,moodlerule
tool_generator_001399,moodlerule
tool_generator_001400,moodlerule
tool_generator_001401,moodlerule
tool_generator_001402,moodlerule
tool_generator_001403,moodlerule
tool_generator_001404,moodlerule
tool_generator_001405,moodlerule
tool_generator_001406,moodlerule
tool_generator_001407,moodlerule
tool_generator_001408,moodlerule
tool_generator_001409,moodlerule
tool_generator_001410,moodlerule
tool_generator_001411,moodlerule
tool_generator_001412,moodlerule
tool_generator_001413,moodlerule
tool_generator_001414,moodlerule
tool_generator_001415,moodlerule
tool_generator_001416,moodlerule
tool_generator_001417,moodlerule
tool_generator_001418,moodlerule
tool_generator_001419,moodlerule
tool_generator_001420,moodlerule
tool_generator_001421,moodlerule
tool_generator_001422,moodlerule
tool_generator_001423,moodlerule
tool_generator_001424,moodlerule
tool_generator_001425,moodlerule
tool_generator_001426,moodlerule
tool_generator_001427,moodlerule
tool_generator_001428,moodlerule
tool_generator_001429,moodlerule
tool_generator_001430,moodlerule
tool_generator_001431,moodlerule
tool_generator_001432,moodlerule
tool_generator_001433,moodlerule
tool_generator_001434,moodlerule
tool_generator_001435,moodlerule
tool_generator_001436,moodlerule
tool_generator_001437,moodlerule
tool_generator_001438,moodlerule
tool_generator_001439,moodlerule
tool_generator_001440,moodlerule
tool_generator_001441,moodlerule
tool_generator_001442,moodlerule
tool_generator_001443,moodlerule
tool_generator_001444,moodlerule
tool_generator_001445,moodlerule
tool_generator_001446,moodlerule
tool_generator_001447,moodlerule
tool_generator_001448,moodlerule
tool_generator_001449,moodlerule
tool_generator_001450,moodlerule
tool_generator_001451,moodlerule
tool_generator_001452,moodlerule
tool_generator_001453,moodlerule
tool_generator_001454,moodlerule
tool_generator_001455,moodlerule
tool_generator_001456,moodlerule
tool_generator_001457,moodlerule
tool_generator_001458,moodlerule
tool_generator_001459,moodlerule
tool_generator_001460,moodlerule
tool_generator_001461,moodlerule
tool_generator_001462,moodlerule
tool_generator_001463,moodlerule
tool_generator_001464,moodlerule
tool_generator_001465,moodlerule
tool_generator_001466,moodlerule
tool_generator_001467,moodlerule
tool_generator_001468,moodlerule
tool_generator_001469,moodlerule
tool_generator_001470,moodlerule
tool_generator_001471,moodlerule
tool_generator_001472,moodlerule
tool_generator_001473,moodlerule
tool_generator_001474,moodlerule
tool_generator_001475,moodlerule
tool_generator_001476,moodlerule
tool_generator_001477,moodlerule
tool_generator_001478,moodlerule
tool_generator_001479,moodlerule
tool_generator_001480,moodlerule
tool_generator_001481,moodlerule
tool_generator_001482,moodlerule
tool_generator_001483,moodlerule
tool_generator_001484,moodlerule
tool_generator_001485,moodlerule
tool_generator_001486,moodlerule
tool_generator_001487,moodlerule
tool_generator_001488,moodlerule
tool_generator_001489,moodlerule
tool_generator_001490,moodlerule
tool_generator_001491,moodlerule
tool_generator_001492,moodlerule
tool_generator_001493,moodlerule
tool_generator_001494,moodlerule
tool_generator_001495,moodlerule
tool_generator_001496,moodlerule
tool_generator_001497,moodlerule
tool_generator_001498,moodlerule
tool_generator_001499,moodlerule
tool_generator_001500,moodlerule
tool_generator_001501,moodlerule
tool_generator_001502,moodlerule
tool_generator_001503,moodlerule
tool_generator_001504,moodlerule
tool_generator_001505,moodlerule
tool_generator_001506,moodlerule
tool_generator_001507,moodlerule
tool_generator_001508,moodlerule
tool_generator_001509,moodlerule
tool_generator_001510,moodlerule
tool_generator_001511,moodlerule
tool_generator_001512,moodlerule
tool_generator_001513,moodlerule
tool_generator_001514,moodlerule
tool_generator_001515,moodlerule
tool_generator_001516,moodlerule
tool_generator_001517,moodlerule
tool_generator_001518,moodlerule
tool_generator_001519,moodlerule
tool_generator_001520,moodlerule
tool_generator_001521,moodlerule
tool_generator_001522,moodlerule
tool_generator_001523,moodlerule
tool_generator_001524,moodlerule
tool_generator_001525,moodlerule
tool_generator_001526,moodlerule
tool_generator_001527,moodlerule
tool_generator_001528,moodlerule
tool_generator_001529,moodlerule
tool_generator_001530,moodlerule
tool_generator_001531,moodlerule
tool_generator_001532,moodlerule
tool_generator_001533,moodlerule
tool_generator_001534,moodlerule
tool_generator_001535,moodlerule
tool_generator_001536,moodlerule
tool_generator_001537,moodlerule
tool_generator_001538,moodlerule
tool_generator_001539,moodlerule
tool_generator_001540,moodlerule
tool_generator_001541,moodlerule
tool_generator_001542,moodlerule
tool_generator_001543,moodlerule
tool_generator_001544,moodlerule
tool_generator_001545,moodlerule
tool_generator_001546,moodlerule
tool_generator_001547,moodlerule
tool_generator_001548,moodlerule
tool_generator_001549,moodlerule
tool_generator_001550,moodlerule
tool_generator_001551,moodlerule
tool_generator_001552,moodlerule
tool_generator_001553,moodlerule
tool_generator_001554,moodlerule
tool_generator_001555,moodlerule
tool_generator_001556,moodlerule
tool_generator_001557,moodlerule
tool_generator_001558,moodlerule
tool_generator_001559,moodlerule
tool_generator_001560,moodlerule
tool_generator_001561,moodlerule
tool_generator_001562,moodlerule
tool_generator_001563,moodlerule
tool_generator_001564,moodlerule
tool_generator_001565,moodlerule
tool_generator_001566,moodlerule
tool_generator_001567,moodlerule
tool_generator_001568,moodlerule
tool_generator_001569,moodlerule
tool_generator_001570,moodlerule
tool_generator_001571,moodlerule
tool_generator_001572,moodlerule
tool_generator_001573,moodlerule
tool_generator_001574,moodlerule
tool_generator_001575,moodlerule
tool_generator_001576,moodlerule
tool_generator_001577,moodlerule
tool_generator_001578,moodlerule
tool_generator_001579,moodlerule
tool_generator_001580,moodlerule
tool_generator_001581,moodlerule
tool_generator_001582,moodlerule
tool_generator_001583,moodlerule
tool_generator_001584,moodlerule
tool_generator_001585,moodlerule
tool_generator_001586,moodlerule
tool_generator_001587,moodlerule
tool_generator_001588,moodlerule
tool_generator_001589,moodlerule
tool_generator_001590,moodlerule
tool_generator_001591,moodlerule
tool_generator_001592,moodlerule
tool_generator_001593,moodlerule
tool_generator_001594,moodlerule
tool_generator_001595,moodlerule
tool_generator_001596,moodlerule
tool_generator_001597,moodlerule
tool_generator_001598,moodlerule
tool_generator_001599,moodlerule
tool_generator_001600,moodlerule
tool_generator_001601,moodlerule
tool_generator_001602,moodlerule
tool_generator_001603,moodlerule
tool_generator_001604,moodlerule
tool_generator_001605,moodlerule
tool_generator_001606,moodlerule
tool_generator_001607,moodlerule
tool_generator_001608,moodlerule
tool_generator_001609,moodlerule
tool_generator_001610,moodlerule
tool_generator_001611,moodlerule
tool_generator_001612,moodlerule
tool_generator_001613,moodlerule
tool_generator_001614,moodlerule
tool_generator_001615,moodlerule
tool_generator_001616,moodlerule
tool_generator_001617,moodlerule
tool_generator_001618,moodlerule
tool_generator_001619,moodlerule
tool_generator_001620,moodlerule
tool_generator_001621,moodlerule
tool_generator_001622,moodlerule
tool_generator_001623,moodlerule
tool_generator_001624,moodlerule
tool_generator_001625,moodlerule
tool_generator_001626,moodlerule
tool_generator_001627,moodlerule
tool_generator_001628,moodlerule
tool_generator_001629,moodlerule
tool_generator_001630,moodlerule
tool_generator_001631,moodlerule
tool_generator_001632,moodlerule
tool_generator_001633,moodlerule
tool_generator_001634,moodlerule
tool_generator_001635,moodlerule
tool_generator_001636,moodlerule
tool_generator_001637,moodlerule
tool_generator_001638,moodlerule
tool_generator_001639,moodlerule
tool_generator_001640,moodlerule
tool_generator_001641,moodlerule
tool_generator_001642,moodlerule
tool_generator_001643,moodlerule
tool_generator_001644,moodlerule
tool_generator_001645,moodlerule
tool_generator_001646,moodlerule
tool_generator_001647,moodlerule
tool_generator_001648,moodlerule
tool_generator_001649,moodlerule
tool_generator_001650,moodlerule
tool_generator_001651,moodlerule
tool_generator_001652,moodlerule
tool_generator_001653,moodlerule
tool_generator_001654,moodlerule
tool_generator_001655,moodlerule
tool_generator_001656,moodlerule
tool_generator_001657,moodlerule
tool_generator_001658,moodlerule
tool_generator_001659,moodlerule
tool_generator_001660,moodlerule
tool_generator_001661,moodlerule
tool_generator_001662,moodlerule
tool_generator_001663,moodlerule
tool_generator_001664,moodlerule
tool_generator_001665,moodlerule
tool_generator_001666,moodlerule
tool_generator_001667,moodlerule
tool_generator_001668,moodlerule
tool_generator_001669,moodlerule
tool_generator_001670,moodlerule
tool_generator_001671,moodlerule
tool_generator_001672,moodlerule
tool_generator_001673,moodlerule
tool_generator_001674,moodlerule
tool_generator_001675,moodlerule
tool_generator_001676,moodlerule
tool_generator_001677,moodlerule
tool_generator_001678,moodlerule
tool_generator_001679,moodlerule
tool_generator_001680,moodlerule
tool_generator_001681,moodlerule
tool_generator_001682,moodlerule
tool_generator_001683,moodlerule
tool_generator_001684,moodlerule
tool_generator_001685,moodlerule
tool_generator_001686,moodlerule
tool_generator_001687,moodlerule
tool_generator_001688,moodlerule
tool_generator_001689,moodlerule
tool_generator_001690,moodlerule
tool_generator_001691,moodlerule
tool_generator_001692,moodlerule
tool_generator_001693,moodlerule
tool_generator_001694,moodlerule
tool_generator_001695,moodlerule
tool_generator_001696,moodlerule
tool_generator_001697,moodlerule
tool_generator_001698,moodlerule
tool_generator_001699,moodlerule
tool_generator_001700,moodlerule
tool_generator_001701,moodlerule
tool_generator_001702,moodlerule
tool_generator_001703,moodlerule
tool_generator_001704,moodlerule
tool_generator_001705,moodlerule
tool_generator_001706,moodlerule
tool_generator_001707,moodlerule
tool_generator_001708,moodlerule
tool_generator_001709,moodlerule
tool_generator_001710,moodlerule
tool_generator_001711,moodlerule
tool_generator_001712,moodlerule
tool_generator_001713,moodlerule
tool_generator_001714,moodlerule
tool_generator_001715,moodlerule
tool_generator_001716,moodlerule
tool_generator_001717,moodlerule
tool_generator_001718,moodlerule
tool_generator_001719,moodlerule
tool_generator_001720,moodlerule
tool_generator_001721,moodlerule
tool_generator_001722,moodlerule
tool_generator_001723,moodlerule
tool_generator_001724,moodlerule
tool_generator_001725,moodlerule
tool_generator_001726,moodlerule
tool_generator_001727,moodlerule
tool_generator_001728,moodlerule
tool_generator_001729,moodlerule
tool_generator_001730,moodlerule
tool_generator_001731,moodlerule
tool_generator_001732,moodlerule
tool_generator_001733,moodlerule
tool_generator_001734,moodlerule
tool_generator_001735,moodlerule
tool_generator_001736,moodlerule
tool_generator_001737,moodlerule
tool_generator_001738,moodlerule
tool_generator_001739,moodlerule
tool_generator_001740,moodlerule
tool_generator_001741,moodlerule
tool_generator_001742,moodlerule
tool_generator_001743,moodlerule
tool_generator_001744,moodlerule
tool_generator_001745,moodlerule
tool_generator_001746,moodlerule
tool_generator_001747,moodlerule
tool_generator_001748,moodlerule
tool_generator_001749,moodlerule
tool_generator_001750,moodlerule
tool_generator_001751,moodlerule
tool_generator_001752,moodlerule
tool_generator_001753,moodlerule
tool_generator_001754,moodlerule
tool_generator_001755,moodlerule
tool_generator_001756,moodlerule
tool_generator_001757,moodlerule
tool_generator_001758,moodlerule
tool_generator_001759,moodlerule
tool_generator_001760,moodlerule
tool_generator_001761,moodlerule
tool_generator_001762,moodlerule
tool_generator_001763,moodlerule
tool_generator_001764,moodlerule
tool_generator_001765,moodlerule
tool_generator_001766,moodlerule
tool_generator_001767,moodlerule
tool_generator_001768,moodlerule
tool_generator_001769,moodlerule
tool_generator_001770,moodlerule
tool_generator_001771,moodlerule
tool_generator_001772,moodlerule
tool_generator_001773,moodlerule
tool_generator_001774,moodlerule
tool_generator_001775,moodlerule
tool_generator_001776,moodlerule
tool_generator_001777,moodlerule
tool_generator_001778,moodlerule
tool_generator_001779,moodlerule
tool_generator_001780,moodlerule
tool_generator_001781,moodlerule
tool_generator_001782,moodlerule
tool_generator_001783,moodlerule
tool_generator_001784,moodlerule
tool_generator_001785,moodlerule
tool_generator_001786,moodlerule
tool_generator_001787,moodlerule
tool_generator_001788,moodlerule
tool_generator_001789,moodlerule
tool_generator_001790,moodlerule
tool_generator_001791,moodlerule
tool_generator_001792,moodlerule
tool_generator_001793,moodlerule
tool_generator_001794,moodlerule
tool_generator_001795,moodlerule
tool_generator_001796,moodlerule
tool_generator_001797,moodlerule
tool_generator_001798,moodlerule
tool_generator_001799,moodlerule
tool_generator_001800,moodlerule
tool_generator_001801,moodlerule
tool_generator_001802,moodlerule
tool_generator_001803,moodlerule
tool_generator_001804,moodlerule
tool_generator_001805,moodlerule
tool_generator_001806,moodlerule
tool_generator_001807,moodlerule
tool_generator_001808,moodlerule
tool_generator_001809,moodlerule
tool_generator_001810,moodlerule
tool_generator_001811,moodlerule
tool_generator_001812,moodlerule
tool_generator_001813,moodlerule
tool_generator_001814,moodlerule
tool_generator_001815,moodlerule
tool_generator_001816,moodlerule
tool_generator_001817,moodlerule
tool_generator_001818,moodlerule
tool_generator_001819,moodlerule
tool_generator_001820,moodlerule
tool_generator_001821,moodlerule
tool_generator_001822,moodlerule
tool_generator_001823,moodlerule
tool_generator_001824,moodlerule
tool_generator_001825,moodlerule
tool_generator_001826,moodlerule
tool_generator_001827,moodlerule
tool_generator_001828,moodlerule
tool_generator_001829,moodlerule
tool_generator_001830,moodlerule
tool_generator_001831,moodlerule
tool_generator_001832,moodlerule
tool_generator_001833,moodlerule
tool_generator_001834,moodlerule
tool_generator_001835,moodlerule
tool_generator_001836,moodlerule
tool_generator_001837,moodlerule
tool_generator_001838,moodlerule
tool_generator_001839,moodlerule
tool_generator_001840,moodlerule
tool_generator_001841,moodlerule
tool_generator_001842,moodlerule
tool_generator_001843,moodlerule
tool_generator_001844,moodlerule
tool_generator_001845,moodlerule
tool_generator_001846,moodlerule
tool_generator_001847,moodlerule
tool_generator_001848,moodlerule
tool_generator_001849,moodlerule
tool_generator_001850,moodlerule
tool_generator_001851,moodlerule
tool_generator_001852,moodlerule
tool_generator_001853,moodlerule
tool_generator_001854,moodlerule
tool_generator_001855,moodlerule
tool_generator_001856,moodlerule
tool_generator_001857,moodlerule
tool_generator_001858,moodlerule
tool_generator_001859,moodlerule
tool_generator_001860,moodlerule
tool_generator_001861,moodlerule
tool_generator_001862,moodlerule
tool_generator_001863,moodlerule
tool_generator_001864,moodlerule
tool_generator_001865,moodlerule
tool_generator_001866,moodlerule
tool_generator_001867,moodlerule
tool_generator_001868,moodlerule
tool_generator_001869,moodlerule
tool_generator_001870,moodlerule
tool_generator_001871,moodlerule
tool_generator_001872,moodlerule
tool_generator_001873,moodlerule
tool_generator_001874,moodlerule
tool_generator_001875,moodlerule
tool_generator_001876,moodlerule
tool_generator_001877,moodlerule
tool_generator_001878,moodlerule
tool_generator_001879,moodlerule
tool_generator_001880,moodlerule
tool_generator_001881,moodlerule
tool_generator_001882,moodlerule
tool_generator_001883,moodlerule
tool_generator_001884,moodlerule
tool_generator_001885,moodlerule
tool_generator_001886,moodlerule
tool_generator_001887,moodlerule
tool_generator_001888,moodlerule
tool_generator_001889,moodlerule
tool_generator_001890,moodlerule
tool_generator_001891,moodlerule
tool_generator_001892,moodlerule
tool_generator_001893,moodlerule
tool_generator_001894,moodlerule
tool_generator_001895,moodlerule
tool_generator_001896,moodlerule
tool_generator_001897,moodlerule
tool_generator_001898,moodlerule
tool_generator_001899,moodlerule
tool_generator_001900,moodlerule
tool_generator_001901,moodlerule
tool_generator_001902,moodlerule
tool_generator_001903,moodlerule
tool_generator_001904,moodlerule
tool_generator_001905,moodlerule
tool_generator_001906,moodlerule
tool_generator_001907,moodlerule
tool_generator_001908,moodlerule
tool_generator_001909,moodlerule
tool_generator_001910,moodlerule
tool_generator_001911,moodlerule
tool_generator_001912,moodlerule
tool_generator_001913,moodlerule
tool_generator_001914,moodlerule
tool_generator_001915,moodlerule
tool_generator_001916,moodlerule
tool_generator_001917,moodlerule
tool_generator_001918,moodlerule
tool_generator_001919,moodlerule
tool_generator_001920,moodlerule
tool_generator_001921,moodlerule
tool_generator_001922,moodlerule
tool_generator_001923,moodlerule
tool_generator_001924,moodlerule
tool_generator_001925,moodlerule
tool_generator_001926,moodlerule
tool_generator_001927,moodlerule
tool_generator_001928,moodlerule
tool_generator_001929,moodlerule
tool_generator_001930,moodlerule
tool_generator_001931,moodlerule
tool_generator_001932,moodlerule
tool_generator_001933,moodlerule
tool_generator_001934,moodlerule
tool_generator_001935,moodlerule
tool_generator_001936,moodlerule
tool_generator_001937,moodlerule
tool_generator_001938,moodlerule
tool_generator_001939,moodlerule
tool_generator_001940,moodlerule
tool_generator_001941,moodlerule
tool_generator_001942,moodlerule
tool_generator_001943,moodlerule
tool_generator_001944,moodlerule
tool_generator_001945,moodlerule
tool_generator_001946,moodlerule
tool_generator_001947,moodlerule
tool_generator_001948,moodlerule
tool_generator_001949,moodlerule
tool_generator_001950,moodlerule
tool_generator_001951,moodlerule
tool_generator_001952,moodlerule
tool_generator_001953,moodlerule
tool_generator_001954,moodlerule
tool_generator_001955,moodlerule
tool_generator_001956,moodlerule
tool_generator_001957,moodlerule
tool_generator_001958,moodlerule
tool_generator_001959,moodlerule
tool_generator_001960,moodlerule
tool_generator_001961,moodlerule
tool_generator_001962,moodlerule
tool_generator_001963,moodlerule
tool_generator_001964,moodlerule
tool_generator_001965,moodlerule
tool_generator_001966,moodlerule
tool_generator_001967,moodlerule
tool_generator_001968,moodlerule
tool_generator_001969,moodlerule
tool_generator_001970,moodlerule
tool_generator_001971,moodlerule
tool_generator_001972,moodlerule
tool_generator_001973,moodlerule
tool_generator_001974,moodlerule
tool_generator_001975,moodlerule
tool_generator_001976,moodlerule
tool_generator_001977,moodlerule
tool_generator_001978,moodlerule
tool_generator_001979,moodlerule
tool_generator_001980,moodlerule
tool_generator_001981,moodlerule
tool_generator_001982,moodlerule
tool_generator_001983,moodlerule
tool_generator_001984,moodlerule
tool_generator_001985,moodlerule
tool_generator_001986,moodlerule
tool_generator_001987,moodlerule
tool_generator_001988,moodlerule
tool_generator_001989,moodlerule
tool_generator_001990,moodlerule
tool_generator_001991,moodlerule
tool_generator_001992,moodlerule
tool_generator_001993,moodlerule
tool_generator_001994,moodlerule
tool_generator_001995,moodlerule
tool_generator_001996,moodlerule
tool_generator_001997,moodlerule
tool_generator_001998,moodlerule
tool_generator_001999,moodlerule
tool_generator_002000,moodlerule
